admin@admin.com,admin,admin,admin,admin,ROLE_ADMIN
Trina1@owner.com,Trina,Gibson,123456,Trina1.Gibson,ROLE_SYSTEM_OWNER
Jewel2@owner.com,Jewel,Keebler,123456,Jewel2.Keebler,ROLE_SYSTEM_OWNER
Temika3@owner.com,Temika,Hackett,123456,Temika3.Hackett,ROLE_SYSTEM_OWNER
Levi4@owner.com,Levi,Botsford,123456,Levi4.Botsford,ROLE_SYSTEM_OWNER
Lyman5@owner.com,Lyman,Gottlieb,123456,Lyman5.Gottlieb,ROLE_SYSTEM_OWNER
Genia6@owner.com,Genia,Cassin,123456,Genia6.Cassin,ROLE_SYSTEM_OWNER
Gordon7@owner.com,Gordon,Carroll,123456,Gordon7.Carroll,ROLE_SYSTEM_OWNER
Lavera8@owner.com,Lavera,Von,123456,Lavera8.Von,ROLE_SYSTEM_OWNER
Emelia9@owner.com,Emelia,Hilpert,123456,Emelia9.Hilpert,ROLE_SYSTEM_OWNER
Doreatha10@owner.com,Doreatha,Langosh,123456,Doreatha10.Langosh,ROLE_SYSTEM_OWNER
Theodore11@user.com,Theodore,Balistreri,123456,Theodore11.Balistreri,ROLE_REGULAR_USER
Lavone12@user.com,Lavone,Daugherty,123456,Lavone12.Daugherty,ROLE_REGULAR_USER
Thaddeus13@user.com,Thaddeus,Dibbert,123456,Thaddeus13.Dibbert,ROLE_REGULAR_USER
Reed14@user.com,Reed,Runolfsson,123456,Reed14.Runolfsson,ROLE_REGULAR_USER
Jeanmarie15@user.com,Jeanmarie,Sawayn,123456,Jeanmarie15.Sawayn,ROLE_REGULAR_USER
Stanton16@user.com,Stanton,Metz,123456,Stanton16.Metz,ROLE_REGULAR_USER
Donald17@user.com,Donald,Durgan,123456,Donald17.Durgan,ROLE_REGULAR_USER
Ramon18@user.com,Ramon,Gerhold,123456,Ramon18.Gerhold,ROLE_REGULAR_USER
Ursula19@user.com,Ursula,Kuphal,123456,Ursula19.Kuphal,ROLE_REGULAR_USER
Rosina20@user.com,Rosina,Reichert,123456,Rosina20.Reichert,ROLE_REGULAR_USER
Wilford21@user.com,Wilford,Keeling,123456,Wilford21.Keeling,ROLE_REGULAR_USER
Herman22@user.com,Herman,Lebsack,123456,Herman22.Lebsack,ROLE_REGULAR_USER
Billi23@user.com,Billi,Reynolds,123456,Billi23.Reynolds,ROLE_REGULAR_USER
Vernon24@user.com,Vernon,Rosenbaum,123456,Vernon24.Rosenbaum,ROLE_REGULAR_USER
Lino25@user.com,Lino,Erdman,123456,Lino25.Erdman,ROLE_REGULAR_USER
Felicitas26@user.com,Felicitas,Willms,123456,Felicitas26.Willms,ROLE_REGULAR_USER
Hyman27@user.com,Hyman,Cummerata,123456,Hyman27.Cummerata,ROLE_REGULAR_USER
Benito28@user.com,Benito,Labadie,123456,Benito28.Labadie,ROLE_REGULAR_USER
Stacy29@user.com,Stacy,Waelchi,123456,Stacy29.Waelchi,ROLE_REGULAR_USER
Katerine30@user.com,Katerine,Parisian,123456,Katerine30.Parisian,ROLE_REGULAR_USER
Galen31@user.com,Galen,Klein,123456,Galen31.Klein,ROLE_REGULAR_USER
Kandi32@user.com,Kandi,Jones,123456,Kandi32.Jones,ROLE_REGULAR_USER
Donita33@user.com,Donita,Mayert,123456,Donita33.Mayert,ROLE_REGULAR_USER
Kenyatta34@user.com,Kenyatta,Koelpin,123456,Kenyatta34.Koelpin,ROLE_REGULAR_USER
Robbie35@user.com,Robbie,Johns,123456,Robbie35.Johns,ROLE_REGULAR_USER
Fredrick36@user.com,Fredrick,Bogan,123456,Fredrick36.Bogan,ROLE_REGULAR_USER
Casey37@user.com,Casey,Abernathy,123456,Casey37.Abernathy,ROLE_REGULAR_USER
Jasper38@user.com,Jasper,Buckridge,123456,Jasper38.Buckridge,ROLE_REGULAR_USER
Melanie39@user.com,Melanie,Sporer,123456,Melanie39.Sporer,ROLE_REGULAR_USER
Jarrett40@user.com,Jarrett,Reynolds,123456,Jarrett40.Reynolds,ROLE_REGULAR_USER
Loyd41@user.com,Loyd,Mueller,123456,Loyd41.Mueller,ROLE_REGULAR_USER
Edda42@user.com,Edda,Gerhold,123456,Edda42.Gerhold,ROLE_REGULAR_USER
Matt43@user.com,Matt,Hermiston,123456,Matt43.Hermiston,ROLE_REGULAR_USER
Cherry44@user.com,Cherry,Cruickshank,123456,Cherry44.Cruickshank,ROLE_REGULAR_USER
Frederica45@user.com,Frederica,Bruen,123456,Frederica45.Bruen,ROLE_REGULAR_USER
Gregg46@user.com,Gregg,Feest,123456,Gregg46.Feest,ROLE_REGULAR_USER
Lino47@user.com,Lino,Legros,123456,Lino47.Legros,ROLE_REGULAR_USER
Sharice48@user.com,Sharice,Block,123456,Sharice48.Block,ROLE_REGULAR_USER
Darnell49@user.com,Darnell,Kilback,123456,Darnell49.Kilback,ROLE_REGULAR_USER
Carmen50@user.com,Carmen,Schumm,123456,Carmen50.Schumm,ROLE_REGULAR_USER
Conrad51@user.com,Conrad,Littel,123456,Conrad51.Littel,ROLE_REGULAR_USER
Delana52@user.com,Delana,Olson,123456,Delana52.Olson,ROLE_REGULAR_USER
Shanika53@user.com,Shanika,Smitham,123456,Shanika53.Smitham,ROLE_REGULAR_USER
Brant54@user.com,Brant,Rolfson,123456,Brant54.Rolfson,ROLE_REGULAR_USER
Betsey55@user.com,Betsey,Hammes,123456,Betsey55.Hammes,ROLE_REGULAR_USER
Mamie56@user.com,Mamie,Ernser,123456,Mamie56.Ernser,ROLE_REGULAR_USER
Alphonse57@user.com,Alphonse,Koelpin,123456,Alphonse57.Koelpin,ROLE_REGULAR_USER
Mayra58@user.com,Mayra,Adams,123456,Mayra58.Adams,ROLE_REGULAR_USER
Isaias59@user.com,Isaias,Torphy,123456,Isaias59.Torphy,ROLE_REGULAR_USER
Tommie60@user.com,Tommie,Larkin,123456,Tommie60.Larkin,ROLE_REGULAR_USER
Carolina61@employee.com,Carolina,Gislason,123456,Carolina61.Gislason,ROLE_SYSTEM_EMPLOYEE
Candy62@employee.com,Candy,Baumbach,123456,Candy62.Baumbach,ROLE_SYSTEM_EMPLOYEE
Tory63@employee.com,Tory,McLaughlin,123456,Tory63.McLaughlin,ROLE_SYSTEM_EMPLOYEE
Linsey64@employee.com,Linsey,Hauck,123456,Linsey64.Hauck,ROLE_SYSTEM_EMPLOYEE
Camilla65@employee.com,Camilla,Barton,123456,Camilla65.Barton,ROLE_SYSTEM_EMPLOYEE
Paul66@employee.com,Paul,Von,123456,Paul66.Von,ROLE_SYSTEM_EMPLOYEE
Clayton67@employee.com,Clayton,Reilly,123456,Clayton67.Reilly,ROLE_SYSTEM_EMPLOYEE
Jody68@employee.com,Jody,Ernser,123456,Jody68.Ernser,ROLE_SYSTEM_EMPLOYEE
Lucio69@employee.com,Lucio,Abbott,123456,Lucio69.Abbott,ROLE_SYSTEM_EMPLOYEE
Chantell70@employee.com,Chantell,Zieme,123456,Chantell70.Zieme,ROLE_SYSTEM_EMPLOYEE
Kandace71@employee.com,Kandace,O'Hara,123456,Kandace71.O'Hara,ROLE_SYSTEM_EMPLOYEE
Diedre72@employee.com,Diedre,Skiles,123456,Diedre72.Skiles,ROLE_SYSTEM_EMPLOYEE
Brett73@employee.com,Brett,Gleichner,123456,Brett73.Gleichner,ROLE_SYSTEM_EMPLOYEE
Bernard74@employee.com,Bernard,Koepp,123456,Bernard74.Koepp,ROLE_SYSTEM_EMPLOYEE
Rodrigo75@employee.com,Rodrigo,Daniel,123456,Rodrigo75.Daniel,ROLE_SYSTEM_EMPLOYEE
Sid76@employee.com,Sid,Mante,123456,Sid76.Mante,ROLE_SYSTEM_EMPLOYEE
Eboni77@employee.com,Eboni,Fisher,123456,Eboni77.Fisher,ROLE_SYSTEM_EMPLOYEE
Dora78@employee.com,Dora,Wolf,123456,Dora78.Wolf,ROLE_SYSTEM_EMPLOYEE
Carli79@employee.com,Carli,Kris,123456,Carli79.Kris,ROLE_SYSTEM_EMPLOYEE
Dottie80@employee.com,Dottie,Keebler,123456,Dottie80.Keebler,ROLE_SYSTEM_EMPLOYEE
